gender,extracurricular_activities,weekly_self_study_hours,Daily sleep hours,physics_score,chemistry_score,biology_score,Average(Acadamic Performance)
male,FALSE,27,6,93,97,63,84.33
female,FALSE,47,6,96,100,90,95.33
female,TRUE,13,7,95,96,65,85.33
female,FALSE,3,5,88,80,89,85.67
male,FALSE,10,6,65,65,80,70
female,FALSE,26,7,67,78,72,72.33
male,TRUE,23,7,97,73,88,86
male,TRUE,34,5,82,63,84,76.33
male,FALSE,25,6,94,85,81,86.67
female,TRUE,18,6,88,71,67,75.33
female,FALSE,7,5,97,94,71,87.33
male,FALSE,7,6,100,65,87,84
female,FALSE,4,7,69,67,89,75
female,FALSE,2,7,86,100,57,81
female,FALSE,39,6,86,92,92,90
male,FALSE,0,7,78,64,79,73.67
female,TRUE,30,6,93,91,80,88
male,TRUE,28,6,85,79,93,85.67
male,FALSE,37,6,92,99,97,96
female,FALSE,27,7,98,75,66,79.67
male,FALSE,15,7,72,98,73,81
male,FALSE,4,5,78,94,83,85
female,FALSE,2,6,68,72,71,70.33
male,FALSE,1,6,81,55,56,64
female,FALSE,35,6,90,88,95,91
female,FALSE,22,6,87,81,93,87
male,FALSE,34,6,80,94,63,79
male,FALSE,23,7,93,79,81,84.33
male,TRUE,17,6,99,71,76,82
female,FALSE,19,6,61,97,30,62.67
female,FALSE,14,6,87,100,88,91.67
female,FALSE,30,6,92,74,82,82.67
male,FALSE,30,5,98,89,85,90.67
female,FALSE,24,6,84,78,78,80
female,TRUE,31,6,91,80,86,85.67
female,FALSE,21,5,78,98,80,85.33
male,TRUE,19,5,87,71,89,82.33
male,FALSE,29,5,85,89,81,85
male,FALSE,21,6,64,88,94,82
male,FALSE,18,6,66,87,60,71
female,FALSE,31,7,64,90,79,77.67
male,FALSE,4,7,66,50,88,68
female,FALSE,3,6,92,77,87,85.33
female,FALSE,3,5,85,96,91,90.67
male,FALSE,3,5,79,57,53,63
male,TRUE,5,5,50,58,84,64
female,TRUE,27,6,93,68,100,87
male,TRUE,28,6,74,70,97,80.33
female,FALSE,32,6,86,80,64,76.67
female,FALSE,14,7,90,93,30,71
male,TRUE,16,8,96,65,89,83.33
female,FALSE,24,6,73,70,85,76
male,FALSE,0,7,61,81,82,74.67
female,FALSE,32,6,86,61,89,78.67
male,FALSE,3,7,92,68,60,73.33
female,FALSE,31,7,84,88,76,82.67
female,FALSE,21,6,79,86,87,84
male,FALSE,18,7,73,97,67,79
male,FALSE,26,6,64,96,91,83.67
male,FALSE,23,6,90,79,85,84.67
female,FALSE,1,6,88,71,78,79
female,FALSE,33,7,61,99,99,86.33
male,FALSE,2,7,53,64,52,56.33
female,FALSE,34,8,65,88,67,73.33
male,FALSE,18,7,99,70,63,77.33
female,FALSE,2,5,77,74,76,75.67
male,FALSE,27,6,66,69,100,78.33
male,FALSE,8,5,73,76,72,73.67
male,FALSE,14,5,85,60,81,75.33
male,TRUE,22,5,96,69,91,85.33
female,FALSE,15,8,93,81,86,86.67
female,FALSE,22,8,93,83,93,89.67
male,FALSE,1,5,69,64,59,64
male,FALSE,3,7,66,87,99,84
female,FALSE,20,6,64,68,73,68.33
female,TRUE,27,6,96,92,100,96
female,FALSE,24,7,60,90,89,79.67
female,TRUE,5,7,80,93,74,82.33
female,FALSE,34,5,80,63,68,70.33
male,FALSE,16,8,89,68,93,83.33
female,FALSE,3,5,94,92,62,82.67
female,FALSE,15,8,83,85,91,86.33
female,FALSE,11,6,61,63,95,73
male,FALSE,32,7,99,100,88,95.67
male,FALSE,28,7,70,71,65,68.67
male,FALSE,24,5,69,80,70,73
female,FALSE,9,5,71,72,92,78.33
female,TRUE,14,6,83,89,81,84.33
male,FALSE,16,6,68,87,69,74.67
male,FALSE,29,5,60,80,62,67.33
male,FALSE,14,6,95,73,32,66.67
male,FALSE,10,5,95,63,62,73.33
male,FALSE,31,6,73,77,87,79
male,FALSE,34,8,79,76,84,79.67
female,FALSE,3,6,73,96,64,77.67
female,TRUE,34,7,89,85,81,85
female,TRUE,2,8,84,93,76,84.33
male,FALSE,4,7,93,98,79,90
male,FALSE,28,8,85,61,96,80.67
female,FALSE,5,8,94,69,99,87.33
female,FALSE,4,5,98,91,79,89.33
female,FALSE,25,8,100,61,81,80.67
male,FALSE,29,8,64,74,73,70.33
male,FALSE,1,5,63,94,64,73.67
female,FALSE,2,6,100,91,87,92.67
female,FALSE,0,8,62,89,62,71
female,FALSE,16,5,97,89,94,93.33
male,TRUE,31,6,83,81,81,81.67
female,FALSE,4,7,72,61,61,64.67
male,TRUE,13,8,82,60,64,68.67
male,FALSE,24,8,89,83,89,87
female,FALSE,2,8,85,57,50,64
male,TRUE,4,7,94,76,57,75.67
female,FALSE,22,6,65,97,61,74.33
male,TRUE,0,7,91,75,64,76.67
male,FALSE,24,6,69,65,72,68.67
female,FALSE,1,5,50,55,54,53
female,FALSE,19,5,64,70,74,69.33
male,TRUE,19,6,94,65,60,73
female,FALSE,5,5,67,74,55,65.33
female,FALSE,13,8,83,80,76,79.67
male,FALSE,26,8,91,99,97,95.67
male,FALSE,41,5,94,89,85,89.33
female,FALSE,47,6,96,91,91,92.67
female,FALSE,9,8,82,89,81,84
female,FALSE,7,5,98,69,60,75.67
male,FALSE,3,7,86,87,87,86.67
male,TRUE,14,8,80,83,86,83
female,FALSE,26,6,80,70,96,82
male,TRUE,27,8,64,90,87,80.33
female,FALSE,25,7,90,85,63,79.33
female,FALSE,16,8,66,63,67,65.33
female,FALSE,27,6,69,80,99,82.67
male,FALSE,0,8,53,56,85,64.67
male,FALSE,3,7,87,96,85,89.33
female,FALSE,6,6,84,75,83,80.67
male,FALSE,12,5,60,78,81,73
female,TRUE,11,5,76,67,61,68
female,FALSE,23,5,98,96,68,87.33
male,FALSE,23,6,82,80,97,86.33
male,FALSE,16,8,87,81,77,81.67
male,TRUE,3,5,77,89,98,88
female,FALSE,29,8,79,96,60,78.33
male,TRUE,18,5,76,99,80,85
female,FALSE,3,6,81,61,86,76
male,FALSE,6,6,68,94,100,87.33
male,FALSE,2,5,51,93,68,70.67
male,FALSE,34,5,65,79,96,80
female,TRUE,22,6,82,99,94,91.67
female,FALSE,4,5,72,65,82,73
female,FALSE,3,7,79,73,73,75
male,FALSE,2,8,97,56,50,67.67
female,FALSE,18,5,84,72,84,80
male,FALSE,8,5,82,70,65,72.33
female,FALSE,33,5,85,84,73,80.67
male,TRUE,13,6,88,74,80,80.67
female,TRUE,17,6,85,90,76,83.67
male,FALSE,1,5,62,66,58,62
male,TRUE,3,5,97,61,62,73.33
male,TRUE,33,8,96,82,65,81
male,FALSE,12,7,77,61,76,71.33
male,FALSE,24,8,92,88,65,81.67
male,FALSE,33,6,99,79,93,90.33
male,TRUE,44,7,100,96,95,97
female,FALSE,15,7,96,60,90,82
female,FALSE,5,5,99,98,77,91.33
female,FALSE,5,7,71,65,64,66.67
female,FALSE,22,7,67,68,69,68
male,FALSE,9,6,66,96,71,77.67
male,TRUE,34,6,67,97,73,79
female,FALSE,34,8,76,99,65,80
female,FALSE,25,5,65,85,74,74.67
female,TRUE,31,5,89,76,68,77.67
male,FALSE,33,6,75,68,77,73.33
female,TRUE,3,5,80,83,57,73.33
male,FALSE,20,7,89,75,84,82.67
male,FALSE,15,8,95,75,95,88.33
female,FALSE,26,6,77,88,85,83.33
female,FALSE,35,8,94,94,95,94.33
male,FALSE,12,8,89,73,97,86.33
male,TRUE,5,8,86,87,72,81.67
male,FALSE,31,5,75,70,100,81.67
female,TRUE,28,8,75,96,91,87.33
male,TRUE,5,6,75,86,91,84
female,FALSE,33,8,85,77,81,81
female,FALSE,2,8,69,70,100,79.67
female,TRUE,9,8,64,99,65,76
female,TRUE,0,8,86,97,54,79
male,FALSE,26,7,91,96,100,95.67
female,FALSE,30,5,98,95,89,94
female,FALSE,1,6,93,83,92,89.33
male,TRUE,26,5,79,80,88,82.33
female,FALSE,2,7,85,74,96,85
male,FALSE,9,5,82,100,68,83.33
female,FALSE,30,5,93,80,82,85
female,FALSE,24,5,61,68,65,64.67
male,FALSE,21,7,62,87,84,77.67
female,FALSE,14,8,83,70,83,78.67
female,FALSE,24,5,94,96,91,93.67
female,FALSE,34,8,65,88,60,71
male,TRUE,34,8,100,81,60,80.33
male,TRUE,27,5,91,91,93,91.67
female,FALSE,16,7,84,80,37,67
female,TRUE,21,5,60,92,46,66
female,FALSE,1,5,90,81,82,84.33
male,FALSE,17,7,81,67,90,79.33
male,FALSE,0,5,68,94,97,86.33
male,TRUE,12,8,77,74,62,71
female,FALSE,22,8,70,71,86,75.67
female,TRUE,14,5,99,78,60,79
male,FALSE,41,7,90,100,94,94.67
male,FALSE,32,6,86,73,84,81
male,FALSE,4,5,60,97,93,83.33
female,FALSE,22,7,80,82,95,85.67
female,FALSE,17,7,92,74,73,79.67
male,FALSE,2,7,82,79,94,85
female,FALSE,33,8,93,90,90,91
female,FALSE,29,6,65,80,76,73.67
female,FALSE,27,5,94,72,96,87.33
male,TRUE,34,7,72,76,68,72
male,FALSE,2,6,94,88,75,85.67
female,FALSE,22,5,79,95,84,86
male,FALSE,33,6,75,68,66,69.67
male,FALSE,17,7,96,69,78,81
male,FALSE,4,7,74,71,66,70.33
female,TRUE,3,5,57,72,71,66.67
female,FALSE,3,8,88,65,97,83.33
female,TRUE,17,6,72,69,77,72.67
male,FALSE,6,5,61,98,89,82.67
male,FALSE,9,6,65,86,67,72.67
male,FALSE,35,8,98,94,100,97.33
female,FALSE,17,7,87,61,86,78
female,FALSE,7,8,79,88,92,86.33
male,FALSE,16,6,92,84,90,88.67
female,FALSE,20,8,88,95,82,88.33
male,FALSE,0,8,81,56,72,69.67
male,FALSE,27,7,95,81,85,87
male,FALSE,24,5,86,94,63,81
male,FALSE,30,6,77,95,81,84.33
male,FALSE,20,6,99,64,70,77.67
male,FALSE,27,6,91,76,100,89
male,FALSE,2,8,85,64,63,70.67
female,FALSE,16,8,84,87,78,83
male,FALSE,27,7,61,71,94,75.33
male,TRUE,24,7,97,96,74,89
male,FALSE,23,6,92,78,30,66.67
male,FALSE,15,7,94,66,78,79.33
male,FALSE,25,8,68,96,99,87.67
female,FALSE,32,7,95,72,62,76.33
male,FALSE,35,6,94,99,92,95
female,FALSE,3,7,87,66,85,79.33
female,FALSE,28,6,88,73,83,81.33
male,FALSE,3,5,80,65,91,78.67
female,FALSE,21,5,80,92,41,71
male,FALSE,35,5,92,86,99,92.33
female,TRUE,35,5,89,97,93,93
female,TRUE,14,5,92,62,73,75.67
female,FALSE,1,7,87,97,62,82
female,TRUE,0,8,73,51,80,68
male,FALSE,12,8,82,65,76,74.33
female,FALSE,35,8,92,96,90,92.67
male,FALSE,2,8,65,95,76,78.67
male,FALSE,16,6,63,72,81,72
female,FALSE,31,6,77,76,80,77.67
male,FALSE,4,6,80,77,60,72.33
male,FALSE,19,8,81,97,79,85.67
female,TRUE,15,6,74,96,80,83.33
female,FALSE,30,8,87,96,91,91.33
female,FALSE,17,6,100,71,84,85
female,FALSE,23,5,80,75,80,78.33
male,FALSE,3,8,98,95,94,95.67
female,FALSE,4,6,58,66,87,70.33
male,FALSE,25,5,73,95,100,89.33
male,FALSE,1,5,67,79,58,68
male,FALSE,24,5,82,74,67,74.33
male,FALSE,15,5,90,66,73,76.33
female,FALSE,1,6,61,91,84,78.67
male,TRUE,33,5,96,74,75,81.67
female,FALSE,11,6,96,60,90,82
male,FALSE,10,8,87,71,91,83
female,TRUE,15,8,76,93,69,79.33
male,FALSE,34,7,96,100,89,95
male,FALSE,30,8,83,76,77,78.67
female,TRUE,4,7,75,92,76,81
female,FALSE,28,5,94,63,69,75.33
male,TRUE,29,5,94,84,91,89.67
female,TRUE,30,5,60,100,83,81
male,FALSE,31,8,76,60,61,65.67
female,FALSE,1,8,84,67,78,76.33
female,FALSE,16,8,60,94,87,80.33
female,TRUE,18,8,61,61,74,65.33
female,FALSE,4,7,97,67,75,79.67
female,FALSE,32,8,84,87,36,69
female,FALSE,12,7,93,99,66,86
female,FALSE,5,6,67,100,70,79
female,TRUE,15,5,68,90,68,75.33
female,FALSE,31,8,78,68,70,72
male,FALSE,2,6,97,60,65,74
female,FALSE,2,5,94,77,84,85
male,FALSE,20,8,81,85,87,84.33
male,TRUE,11,7,70,72,78,73.33
female,FALSE,26,6,97,82,74,84.33
female,FALSE,22,7,99,71,67,79
female,TRUE,12,6,66,65,90,73.67
female,FALSE,4,7,76,63,70,69.67
female,FALSE,34,6,61,91,62,71.33
female,FALSE,9,6,88,70,62,73.33
female,FALSE,43,7,100,87,100,95.67
female,FALSE,1,8,90,96,61,82.33
female,FALSE,19,7,74,97,95,88.67
female,FALSE,2,8,54,62,75,63.67
male,FALSE,34,7,89,88,93,90
female,TRUE,31,5,96,85,81,87.33
female,FALSE,11,7,98,99,92,96.33
male,FALSE,35,7,87,90,91,89.33
male,FALSE,20,7,74,76,79,76.33
female,FALSE,22,6,92,88,90,90
female,FALSE,2,5,87,80,89,85.33
male,FALSE,1,6,51,96,77,74.67
female,FALSE,34,8,62,76,89,75.67
male,FALSE,17,6,71,64,97,77.33
male,FALSE,34,5,99,100,94,97.67
female,FALSE,25,7,81,83,81,81.67
male,FALSE,8,5,95,78,79,84
male,FALSE,4,8,85,73,79,79
female,TRUE,26,6,81,79,74,78
male,FALSE,13,8,96,69,70,78.33
female,TRUE,4,6,62,98,76,78.67
male,FALSE,27,5,60,68,66,64.67
male,FALSE,32,5,62,87,80,76.33
female,FALSE,25,8,86,66,88,80
female,FALSE,13,5,78,61,78,72.33
male,FALSE,31,7,86,60,80,75.33
female,FALSE,8,5,78,85,98,87
male,FALSE,0,5,50,62,97,69.67
male,FALSE,6,5,78,65,74,72.33
male,FALSE,7,5,88,82,97,89
male,FALSE,32,6,95,63,67,75
male,TRUE,30,8,78,66,69,71
male,FALSE,4,6,95,66,84,81.67
female,FALSE,15,8,94,82,71,82.33
male,FALSE,2,5,96,97,72,88.33
male,TRUE,32,7,61,72,71,68
male,FALSE,24,5,96,93,93,94
female,FALSE,18,7,69,60,90,73
male,FALSE,5,8,76,95,54,75
female,FALSE,24,7,65,76,100,80.33
male,FALSE,16,6,68,99,74,80.33
male,FALSE,15,5,95,87,86,89.33
male,FALSE,26,8,94,67,62,74.33
female,FALSE,15,5,64,60,75,66.33
female,FALSE,5,7,91,76,89,85.33
male,TRUE,14,7,98,83,77,86
male,FALSE,1,5,90,94,68,84
male,FALSE,10,8,96,60,91,82.33
female,FALSE,5,6,58,100,60,72.67
male,FALSE,26,8,66,100,88,84.67
female,TRUE,26,6,99,74,74,82.33
female,FALSE,14,7,97,83,84,88
male,TRUE,21,6,96,77,99,90.67
female,FALSE,32,7,88,82,95,88.33
male,FALSE,30,8,81,100,66,82.33
female,FALSE,13,8,71,65,99,78.33
female,FALSE,33,8,95,83,84,87.33
female,FALSE,15,6,92,76,49,72.33
male,FALSE,33,7,67,74,65,68.67
male,FALSE,11,6,70,67,96,77.67
female,FALSE,30,7,89,97,60,82
female,FALSE,2,7,78,77,59,71.33
male,FALSE,4,7,79,99,66,81.33
male,FALSE,32,6,87,63,69,73
female,FALSE,0,5,87,74,73,78
female,FALSE,4,8,54,94,99,82.33
male,TRUE,0,5,73,78,77,76
female,TRUE,21,8,81,63,69,71
female,FALSE,29,7,65,91,71,75.67
male,FALSE,32,7,94,62,68,74.67
female,FALSE,14,8,94,78,76,82.67
male,FALSE,25,8,96,89,60,81.67
male,TRUE,4,6,92,100,93,95
female,TRUE,32,6,85,65,76,75.33
male,FALSE,7,5,77,91,84,84
female,FALSE,22,8,89,74,79,80.67
male,FALSE,3,5,75,65,90,76.67
male,FALSE,1,8,69,67,70,68.67
male,TRUE,23,8,97,77,63,79
female,FALSE,42,8,93,85,98,92
male,FALSE,30,6,100,93,100,97.67
female,FALSE,1,6,70,84,66,73.33
female,TRUE,17,7,68,71,86,75
male,FALSE,48,7,89,89,98,92
male,TRUE,24,5,60,82,77,73
female,FALSE,31,7,80,88,78,82
male,FALSE,0,5,67,61,76,68
male,FALSE,2,7,97,60,66,74.33
female,FALSE,24,5,68,85,86,79.67
female,FALSE,2,5,97,100,56,84.33
male,FALSE,32,5,88,61,80,76.33
female,FALSE,4,8,89,64,79,77.33
male,FALSE,32,6,91,63,95,83
male,FALSE,16,5,90,100,96,95.33
female,FALSE,20,8,63,91,89,81
male,FALSE,28,8,87,72,68,75.67
male,FALSE,30,6,92,92,67,83.67
female,FALSE,17,7,68,91,60,73
female,FALSE,25,5,71,95,79,81.67
male,FALSE,18,8,76,71,70,72.33
male,FALSE,23,6,69,67,69,68.33
male,TRUE,23,8,75,74,80,76.33
female,FALSE,21,7,87,97,94,92.67
female,FALSE,27,6,98,89,93,93.33
female,FALSE,14,8,96,71,87,84.67
male,TRUE,37,5,99,100,97,98.67
male,FALSE,29,8,74,87,36,65.67
male,FALSE,4,6,56,71,66,64.33
female,FALSE,16,6,68,63,81,70.67
female,FALSE,30,5,93,85,48,75.33
male,FALSE,1,7,53,75,98,75.33
male,TRUE,24,7,95,94,92,93.67
female,FALSE,35,8,100,91,95,95.33
female,FALSE,14,6,84,100,69,84.33
female,FALSE,3,8,75,60,82,72.33
female,FALSE,15,5,97,78,31,68.67
male,FALSE,23,7,80,64,91,78.33
male,FALSE,19,7,90,73,76,79.67
male,FALSE,33,6,100,95,95,96.67
female,FALSE,14,8,81,92,65,79.33
female,TRUE,0,7,66,75,93,78
female,FALSE,34,6,67,74,81,74
male,FALSE,33,8,83,94,93,90
female,FALSE,7,6,79,76,86,80.33
male,FALSE,18,5,74,61,87,74
male,FALSE,4,6,86,51,54,63.67
male,FALSE,10,6,71,68,66,68.33
male,FALSE,22,8,89,91,94,91.33
female,FALSE,28,5,93,81,88,87.33
male,FALSE,2,5,67,97,62,75.33
female,FALSE,0,8,88,75,60,74.33
male,FALSE,24,7,100,99,98,99
male,FALSE,15,8,91,65,69,75
female,FALSE,1,6,68,64,97,76.33
male,FALSE,8,6,74,75,99,82.67
female,FALSE,9,8,65,67,93,75
male,FALSE,33,7,98,76,65,79.67
female,FALSE,32,7,90,78,39,69
female,FALSE,4,5,95,59,91,81.67
male,FALSE,2,6,52,56,63,57
male,FALSE,20,7,77,73,79,76.33
female,FALSE,21,5,73,89,93,85
female,FALSE,29,8,81,90,76,82.33
female,FALSE,13,7,63,83,64,70
male,FALSE,24,6,68,93,98,86.33
male,FALSE,30,6,87,85,96,89.33
male,FALSE,25,8,90,75,92,85.67
male,FALSE,1,6,84,96,92,90.67
male,FALSE,27,7,80,72,100,84
male,TRUE,4,7,82,89,72,81
female,TRUE,32,6,76,67,68,70.33
female,FALSE,1,5,79,81,82,80.67
female,FALSE,32,8,68,81,95,81.33
female,TRUE,4,5,70,89,88,82.33
male,FALSE,28,7,86,77,83,82
female,TRUE,32,8,63,79,96,79.33
female,FALSE,33,8,94,92,92,92.67
male,FALSE,4,5,88,73,50,70.33
male,FALSE,31,7,90,67,77,78
male,FALSE,17,8,86,80,64,76.67
male,FALSE,23,6,80,97,87,88
female,FALSE,29,5,81,85,72,79.33
male,FALSE,19,8,96,83,74,84.33
male,TRUE,26,6,94,60,63,72.33
female,FALSE,7,7,99,98,96,97.67
female,FALSE,4,7,92,73,66,77
male,FALSE,22,7,90,82,86,86
male,TRUE,4,6,64,94,79,79
female,FALSE,29,6,69,100,90,86.33
male,TRUE,21,6,93,79,72,81.33
female,FALSE,5,6,100,84,63,82.33
male,FALSE,15,7,60,85,91,78.67
male,TRUE,10,6,71,100,71,80.67
female,FALSE,2,5,81,87,67,78.33
female,TRUE,0,6,71,62,94,75.67
male,TRUE,3,7,67,72,83,74
female,TRUE,1,5,93,98,98,96.33
female,TRUE,26,6,80,91,88,86.33
female,FALSE,2,7,65,61,78,68
female,FALSE,21,5,94,91,95,93.33
female,FALSE,5,8,97,53,93,81
female,FALSE,5,7,64,74,94,77.33
female,FALSE,0,5,50,78,73,67
female,TRUE,10,8,76,75,62,71
male,FALSE,2,8,83,83,69,78.33
female,TRUE,24,6,97,64,76,79
male,FALSE,46,5,99,86,100,95
male,FALSE,31,6,65,68,99,77.33
male,FALSE,33,5,62,76,64,67.33
female,FALSE,26,7,84,80,80,81.33
male,FALSE,19,5,72,97,69,79.33
male,FALSE,25,6,84,68,71,74.33
female,FALSE,24,8,78,90,94,87.33
male,FALSE,21,7,72,100,94,88.67
female,TRUE,0,8,81,67,87,78.33
male,FALSE,30,8,78,95,86,86.33
female,FALSE,32,7,77,61,72,70
female,FALSE,15,7,85,93,68,82
female,FALSE,15,6,94,83,91,89.33
female,TRUE,4,7,89,93,92,91.33
male,TRUE,27,6,62,82,76,73.33
male,FALSE,33,7,95,61,84,80
male,FALSE,25,6,89,74,60,74.33
female,FALSE,29,8,67,74,84,75
female,FALSE,13,7,70,96,63,76.33
female,FALSE,49,7,99,94,95,96
male,FALSE,34,5,72,69,63,68
male,FALSE,28,7,92,69,85,82
female,FALSE,44,7,100,95,85,93.33
female,FALSE,14,6,78,72,91,80.33
female,FALSE,1,8,84,98,63,81.67
male,FALSE,22,8,87,61,75,74.33
female,FALSE,11,6,91,97,89,92.33
female,FALSE,2,7,77,63,88,76
female,FALSE,3,7,65,62,56,61
female,FALSE,28,6,100,98,83,93.67
male,FALSE,0,5,78,82,53,71
male,FALSE,22,7,90,70,96,85.33
female,FALSE,3,8,77,95,63,78.33
male,FALSE,25,8,68,79,98,81.67
female,TRUE,1,7,96,72,55,74.33
female,FALSE,37,7,93,94,91,92.67
female,TRUE,28,7,69,72,63,68
female,FALSE,30,5,90,95,94,93
male,FALSE,19,8,66,69,100,78.33
male,FALSE,2,7,70,81,85,78.67
female,FALSE,26,8,63,73,89,75
male,TRUE,0,5,74,66,92,77.33
male,FALSE,5,5,98,64,65,75.67
female,FALSE,17,7,85,91,77,84.33
male,FALSE,26,7,76,72,92,80
male,FALSE,32,7,74,61,81,72
female,TRUE,16,8,90,92,68,83.33
female,FALSE,2,7,53,64,89,68.67
male,FALSE,35,5,91,95,99,95
female,FALSE,17,6,99,65,56,73.33
female,FALSE,3,6,63,84,79,75.33
female,FALSE,47,6,98,90,92,93.33
male,FALSE,29,5,75,63,85,74.33
female,FALSE,5,6,54,97,58,69.67
male,TRUE,12,7,65,99,84,82.67
male,FALSE,35,7,97,94,85,92
female,FALSE,3,5,93,89,64,82
male,FALSE,2,7,50,88,90,76
male,FALSE,35,5,90,94,97,93.67
male,FALSE,7,7,84,98,98,93.33
female,FALSE,15,6,63,73,66,67.33
female,FALSE,3,5,95,90,67,84
male,FALSE,35,6,98,100,94,97.33
male,TRUE,28,6,99,69,89,85.67
female,FALSE,4,8,94,65,77,78.67
male,TRUE,4,7,79,60,69,69.33
male,TRUE,16,8,68,75,64,69
male,FALSE,26,7,94,84,66,81.33
male,FALSE,30,5,73,75,99,82.33
female,FALSE,2,5,92,73,71,78.67
female,FALSE,34,6,75,73,92,80
male,FALSE,0,7,91,64,67,74
female,TRUE,3,6,88,100,73,87
male,FALSE,30,5,88,77,96,87
male,TRUE,15,6,82,64,82,76
male,TRUE,1,5,77,72,94,81
male,TRUE,6,5,92,82,85,86.33
female,TRUE,1,6,90,100,71,87
male,TRUE,5,8,68,51,77,65.33
male,FALSE,30,7,72,88,92,84
male,TRUE,8,8,70,73,81,74.67
male,FALSE,5,8,51,72,75,66
female,FALSE,5,7,78,97,86,87
male,FALSE,4,6,76,68,86,76.67
female,FALSE,47,6,92,96,92,93.33
female,TRUE,16,8,69,61,100,76.67
male,FALSE,3,6,89,68,79,78.67
female,TRUE,32,8,83,99,100,94
female,FALSE,31,5,85,69,76,76.67
male,FALSE,6,6,74,92,72,79.33
female,FALSE,16,8,74,65,99,79.33
male,FALSE,34,7,85,74,78,79
male,FALSE,26,5,78,78,80,78.67
female,FALSE,21,5,91,65,61,72.33
male,FALSE,46,6,91,90,90,90.33
female,FALSE,48,6,85,90,96,90.33
male,FALSE,46,5,90,95,100,95
female,FALSE,28,6,64,97,85,82
male,FALSE,2,5,84,95,71,83.33
male,FALSE,32,5,73,85,67,75
male,FALSE,5,6,99,61,62,74
female,FALSE,31,8,93,94,81,89.33
male,TRUE,1,6,100,94,65,86.33
female,TRUE,4,6,91,67,74,77.33
male,TRUE,8,8,95,66,99,86.67
female,TRUE,23,5,83,93,46,74
female,FALSE,23,6,97,84,89,90
male,FALSE,28,8,98,89,75,87.33
female,FALSE,7,8,77,62,80,73
female,FALSE,5,5,93,92,97,94
female,FALSE,4,5,85,67,98,83.33
female,FALSE,26,8,67,60,100,75.67
female,TRUE,33,5,74,79,86,79.67
female,TRUE,34,7,74,84,77,78.33
female,FALSE,16,6,64,75,93,77.33
male,FALSE,3,6,73,70,87,76.67
male,FALSE,25,7,88,84,84,85.33
female,FALSE,4,7,90,69,66,75
male,FALSE,4,8,76,88,84,82.67
female,FALSE,21,8,92,78,67,79
female,FALSE,4,5,61,67,95,74.33
female,FALSE,24,6,80,96,72,82.67
male,FALSE,16,8,98,70,79,82.33
male,FALSE,2,8,52,98,50,66.67
male,FALSE,35,5,89,93,90,90.67
male,FALSE,24,6,90,94,91,91.67
male,TRUE,46,5,89,90,100,93
female,FALSE,1,7,89,67,55,70.33
male,FALSE,26,6,67,85,64,72
male,FALSE,5,7,81,67,66,71.33
female,FALSE,17,5,98,66,62,75.33
male,FALSE,4,8,68,72,77,72.33
male,FALSE,27,7,62,95,65,74
male,FALSE,0,8,86,87,64,79
male,TRUE,16,6,60,62,43,55
male,TRUE,14,6,79,95,71,81.67
female,FALSE,5,6,98,83,92,91
female,TRUE,31,8,84,70,65,73
female,TRUE,4,5,99,100,73,90.67
male,FALSE,5,8,72,68,85,75
female,FALSE,11,7,99,84,60,81
male,TRUE,12,6,74,67,76,72.33
female,FALSE,5,7,98,70,67,78.33
female,FALSE,1,7,95,99,87,93.67
male,FALSE,2,6,64,88,72,74.67
female,FALSE,1,5,84,61,88,77.67
female,TRUE,30,6,89,77,84,83.33
male,FALSE,0,7,84,93,70,82.33
female,TRUE,6,5,88,60,93,80.33
male,TRUE,24,5,86,80,47,71
female,FALSE,26,8,85,89,85,86.33
male,FALSE,0,6,92,50,77,73
male,FALSE,18,5,72,61,75,69.33
male,FALSE,20,5,75,80,97,84
female,FALSE,23,6,94,95,60,83
male,FALSE,4,7,92,86,93,90.33
female,FALSE,30,5,77,84,60,73.67
female,FALSE,34,8,68,62,64,64.67
female,FALSE,26,6,94,87,44,75
male,FALSE,27,7,90,80,72,80.67
female,TRUE,18,7,66,83,70,73
female,FALSE,39,7,94,90,86,90
female,TRUE,29,5,63,87,71,73.67
male,TRUE,27,6,93,96,97,95.33
male,TRUE,17,8,62,99,63,74.67
female,TRUE,31,8,79,78,64,73.67
female,FALSE,13,7,74,75,73,74
female,TRUE,12,6,79,93,68,80
male,FALSE,0,6,94,70,83,82.33
male,TRUE,21,8,84,68,95,82.33
female,FALSE,28,7,100,96,97,97.67
female,FALSE,35,7,93,88,96,92.33
male,TRUE,24,7,84,69,63,72
male,FALSE,28,8,86,84,66,78.67
male,FALSE,0,7,64,95,66,75
female,FALSE,0,5,88,79,71,79.33
male,FALSE,3,7,98,82,100,93.33
female,FALSE,16,5,95,68,75,79.33
female,FALSE,26,6,86,84,90,86.67
female,TRUE,4,7,53,63,50,55.33
male,FALSE,24,7,90,96,72,86
male,TRUE,22,7,95,88,72,85
female,FALSE,14,7,76,72,62,70
male,FALSE,21,5,74,61,81,72
male,FALSE,29,5,85,89,81,85
female,FALSE,3,8,53,78,55,62
male,FALSE,4,6,96,73,84,84.33
male,FALSE,19,8,83,84,78,81.67
male,FALSE,33,8,100,87,88,91.67
female,FALSE,24,7,91,62,36,63
male,FALSE,29,5,65,64,95,74.67
male,TRUE,27,7,72,90,95,85.67
female,FALSE,20,7,66,83,92,80.33
female,FALSE,35,5,100,90,86,92
female,FALSE,29,8,87,85,100,90.67
male,TRUE,0,6,76,64,90,76.67
male,FALSE,10,5,68,88,86,80.67
male,TRUE,29,5,99,80,71,83.33
male,TRUE,17,7,91,85,69,81.67
male,FALSE,1,6,64,85,53,67.33
female,FALSE,14,7,82,67,64,71
male,FALSE,24,8,61,61,79,67
male,FALSE,35,5,86,97,98,93.67
male,FALSE,19,8,94,94,100,96
male,FALSE,23,6,61,87,61,69.67
male,FALSE,14,8,98,69,69,78.67
male,FALSE,21,5,87,62,69,72.67
male,FALSE,18,5,95,82,77,84.67
female,TRUE,16,5,99,95,91,95
female,FALSE,2,8,78,79,79,78.67
male,TRUE,16,7,60,66,79,68.33
female,FALSE,29,5,79,78,77,78
male,FALSE,35,7,87,98,96,93.67
male,FALSE,11,5,99,65,98,87.33
male,FALSE,4,7,77,61,93,77
female,FALSE,15,6,79,96,76,83.67
male,FALSE,25,7,84,74,86,81.33
female,FALSE,31,7,68,61,34,54.33
female,FALSE,30,5,97,89,88,91.33
female,FALSE,17,8,98,95,96,96.33
female,FALSE,0,8,71,94,69,78
female,FALSE,10,8,83,76,99,86
female,FALSE,22,5,85,90,75,83.33
male,FALSE,16,6,75,68,87,76.67
female,FALSE,11,5,66,65,78,69.67
female,FALSE,35,6,89,90,95,91.33
male,FALSE,25,8,86,95,65,82
female,FALSE,5,6,99,93,89,93.67
male,TRUE,35,7,98,90,93,93.67
male,FALSE,15,6,73,83,74,76.67
male,TRUE,21,8,63,92,93,82.67
female,FALSE,3,7,80,75,85,80
female,FALSE,1,5,99,76,70,81.67
female,FALSE,32,5,84,81,92,85.67
male,TRUE,25,7,63,86,97,82
female,FALSE,26,7,90,68,96,84.67
female,FALSE,34,6,89,65,85,79.67
male,TRUE,25,6,96,87,87,90
male,FALSE,3,6,61,73,96,76.67
male,FALSE,12,7,68,92,86,82
male,FALSE,25,7,65,74,92,77
male,FALSE,50,8,99,99,86,94.67
female,FALSE,15,8,100,87,87,91.33
female,FALSE,34,5,79,87,92,86
female,FALSE,27,6,87,92,99,92.67
female,FALSE,5,7,96,61,72,76.33
male,TRUE,0,6,70,94,86,83.33
male,FALSE,15,7,91,71,72,78
female,TRUE,31,6,93,80,96,89.67
female,FALSE,0,8,75,65,71,70.33
male,FALSE,5,7,96,94,59,83
male,FALSE,35,5,90,93,94,92.33
male,FALSE,27,6,66,65,89,73.33
female,FALSE,1,5,99,91,88,92.67
male,FALSE,2,5,86,73,53,70.67
female,FALSE,34,5,73,98,87,86
male,TRUE,18,8,65,61,61,62.33
male,FALSE,14,6,75,72,84,77
female,FALSE,6,7,98,92,71,87
male,TRUE,2,8,98,71,92,87
male,FALSE,19,7,88,92,77,85.67
female,FALSE,1,7,73,97,63,77.67
female,FALSE,13,8,94,88,86,89.33
female,FALSE,3,8,94,93,79,88.67
male,FALSE,21,8,74,89,67,76.67
female,FALSE,29,7,75,94,98,89
female,TRUE,11,6,64,81,66,70.33
male,FALSE,23,8,100,93,91,94.67
male,FALSE,30,8,93,92,92,92.33
female,FALSE,13,5,84,89,52,75
male,FALSE,19,5,83,99,86,89.33
female,FALSE,33,8,97,70,80,82.33
male,FALSE,21,7,66,77,72,71.67
female,FALSE,31,8,91,83,97,90.33
male,FALSE,3,5,64,65,64,64.33
female,FALSE,3,5,99,59,75,77.67
male,FALSE,30,6,72,77,99,82.67
female,TRUE,1,6,93,100,76,89.67
female,TRUE,8,7,71,91,79,80.33
male,FALSE,29,8,75,96,91,87.33
female,FALSE,18,5,68,70,60,66
female,TRUE,4,6,94,83,62,79.67
female,FALSE,10,8,65,65,65,65
female,FALSE,32,8,69,60,92,73.67
female,FALSE,32,5,96,96,79,90.33
male,TRUE,16,8,80,71,67,72.67
male,FALSE,35,5,100,95,100,98.33
female,FALSE,2,5,95,83,90,89.33
female,FALSE,27,5,75,63,71,69.67
male,FALSE,28,6,61,85,64,70
male,FALSE,2,5,72,60,94,75.33
male,FALSE,42,5,91,95,87,91
male,FALSE,31,7,68,93,69,76.67
male,FALSE,15,8,86,97,90,91
male,FALSE,1,5,73,57,67,65.67
female,FALSE,10,6,78,93,76,82.33
female,FALSE,40,5,94,91,85,90
male,FALSE,40,8,99,92,98,96.33
female,FALSE,8,7,98,65,61,74.67
female,FALSE,22,8,82,89,81,84
female,FALSE,21,5,62,80,61,67.67
male,FALSE,31,5,96,97,83,92
male,FALSE,10,7,78,94,81,84.33
female,TRUE,35,6,99,100,98,99
male,FALSE,14,8,85,92,96,91
male,FALSE,7,6,100,68,65,77.67
male,FALSE,4,5,72,99,83,84.67
female,TRUE,14,5,77,85,73,78.33
female,TRUE,29,5,99,77,82,86
female,FALSE,20,6,60,77,71,69.33
female,TRUE,24,8,96,62,81,79.67
female,TRUE,27,6,86,62,73,73.67
female,FALSE,31,6,62,62,89,71
female,FALSE,27,7,71,93,65,76.33
male,FALSE,23,8,70,73,63,68.67
female,FALSE,0,7,72,98,86,85.33
female,FALSE,35,7,100,95,90,95
male,TRUE,33,7,99,85,98,94
male,TRUE,11,7,76,95,99,90
female,FALSE,10,8,62,85,82,76.33
male,FALSE,3,5,53,75,86,71.33
male,FALSE,5,6,97,90,93,93.33
male,FALSE,34,8,90,83,84,85.67
female,FALSE,15,7,71,85,68,74.67
female,FALSE,20,5,92,85,62,79.67
male,FALSE,3,5,94,76,97,89
male,TRUE,2,7,60,50,85,65
female,FALSE,27,5,90,94,99,94.33
male,FALSE,29,7,68,64,71,67.67
female,TRUE,2,5,60,70,78,69.33
female,FALSE,9,7,100,91,98,96.33
male,FALSE,14,6,99,94,84,92.33
male,FALSE,25,8,87,90,87,88
male,TRUE,9,8,82,96,87,88.33
male,FALSE,2,6,93,57,99,83
male,FALSE,31,7,60,73,74,69
male,FALSE,3,7,99,87,95,93.67
female,FALSE,12,7,66,70,75,70.33
male,FALSE,5,6,70,58,50,59.33
female,FALSE,11,8,87,93,78,86
male,FALSE,4,5,85,77,82,81.33
male,FALSE,25,8,93,70,99,87.33
male,FALSE,33,5,71,79,98,82.67
male,FALSE,24,6,67,71,75,71
female,FALSE,0,8,95,60,93,82.67
male,FALSE,0,6,92,97,62,83.67
female,FALSE,3,6,71,84,96,83.67
male,FALSE,26,7,87,90,96,91
male,FALSE,31,5,94,68,89,83.67
female,FALSE,20,6,91,83,97,90.33
female,FALSE,9,6,99,67,83,83
female,TRUE,15,6,69,70,95,78
male,FALSE,1,6,50,82,71,67.67
male,TRUE,4,7,91,95,82,89.33
male,TRUE,2,5,88,97,88,91
female,FALSE,32,7,81,82,100,87.67
male,FALSE,2,5,76,87,65,76
female,FALSE,2,8,88,98,68,84.67
female,FALSE,19,5,83,69,82,78
male,FALSE,12,5,85,64,98,82.33
male,FALSE,5,8,98,96,64,86
female,FALSE,22,6,72,93,44,69.67
male,FALSE,1,5,75,62,61,66
male,FALSE,21,6,77,93,61,77
female,FALSE,5,5,96,59,84,79.67
female,TRUE,5,8,64,68,86,72.67
female,FALSE,8,5,93,82,97,90.67
male,FALSE,25,7,78,74,72,74.67
male,FALSE,34,5,84,84,84,84
male,FALSE,0,7,91,73,100,88
female,FALSE,34,5,63,97,64,74.67
male,FALSE,31,5,67,63,91,73.67
female,FALSE,1,8,67,96,88,83.67
female,TRUE,28,8,66,96,76,79.33
male,FALSE,5,7,74,71,63,69.33
female,FALSE,26,7,91,67,67,75
male,FALSE,21,8,100,65,67,77.33
male,FALSE,22,7,90,84,64,79.33
female,FALSE,30,6,94,74,71,79.67
female,FALSE,2,5,90,54,77,73.67
male,FALSE,24,8,93,64,81,79.33
male,FALSE,15,7,68,83,82,77.67
male,FALSE,24,8,87,92,81,86.67
male,FALSE,3,7,95,73,79,82.33
male,TRUE,4,8,68,60,95,74.33
female,FALSE,42,6,92,93,97,94
female,FALSE,24,7,86,91,90,89
female,FALSE,0,7,70,92,65,75.67
female,FALSE,4,5,68,86,81,78.33
female,FALSE,25,5,99,82,79,86.67
female,TRUE,1,7,68,63,63,64.67
male,FALSE,35,8,89,98,100,95.67
male,FALSE,20,8,65,77,97,79.67
female,FALSE,11,8,82,65,82,76.33
male,FALSE,21,5,63,83,75,73.67
male,FALSE,1,7,76,51,76,67.67
female,FALSE,15,5,65,70,62,65.67
male,FALSE,33,8,91,93,86,90
female,FALSE,4,7,80,66,63,69.67
male,TRUE,24,6,68,68,75,70.33
female,FALSE,13,8,98,73,74,81.67
male,FALSE,5,6,66,72,92,76.67
male,TRUE,12,5,66,68,90,74.67
male,TRUE,8,6,71,97,81,83
female,FALSE,8,5,99,95,73,89
male,FALSE,8,8,89,64,77,76.67
female,TRUE,0,7,51,85,74,70
female,FALSE,14,7,88,82,90,86.67
female,TRUE,3,5,57,68,57,60.67
male,FALSE,19,6,84,65,91,80
male,FALSE,29,7,82,61,70,71
female,TRUE,0,7,64,85,91,80
male,FALSE,5,7,98,93,63,84.67
female,FALSE,4,7,52,52,65,56.33
female,FALSE,1,8,71,98,93,87.33
male,TRUE,12,8,73,96,97,88.67
female,FALSE,27,7,88,95,98,93.67
female,TRUE,12,7,66,93,99,86
male,FALSE,21,8,69,75,88,77.33
female,FALSE,15,8,79,84,73,78.67
female,FALSE,26,7,83,88,69,80
female,FALSE,3,5,58,89,87,78
female,FALSE,31,7,66,94,62,74
male,FALSE,31,5,95,97,87,93
male,FALSE,3,7,60,84,87,77
female,FALSE,16,6,71,97,96,88
male,FALSE,29,7,65,62,76,67.67
male,FALSE,31,7,87,63,77,75.67
male,FALSE,46,5,98,96,98,97.33
female,FALSE,24,7,96,97,71,88
female,FALSE,2,8,85,78,61,74.67
male,FALSE,2,5,67,88,99,84.67
female,FALSE,9,8,82,82,72,78.67
female,FALSE,0,6,51,72,90,71
male,FALSE,4,5,90,68,61,73
female,FALSE,4,6,78,63,68,69.67
male,FALSE,34,8,74,74,82,76.67
male,FALSE,34,8,74,78,94,82
male,FALSE,32,5,82,72,79,77.67
female,FALSE,23,6,73,81,81,78.33
male,TRUE,20,5,86,91,76,84.33
female,FALSE,5,6,65,68,63,65.33
female,TRUE,15,8,98,77,72,82.33
male,FALSE,21,8,92,67,85,81.33
male,FALSE,30,6,88,92,75,85
male,TRUE,15,5,87,74,100,87
male,TRUE,18,5,79,82,71,77.33
female,FALSE,4,7,71,70,73,71.33
male,FALSE,24,8,76,67,60,67.67
male,FALSE,15,7,84,93,64,80.33
female,FALSE,2,7,74,73,81,76
female,FALSE,14,5,100,88,73,87
male,FALSE,5,6,96,88,99,94.33
female,FALSE,0,6,76,73,67,72
female,FALSE,10,8,60,86,90,78.67
female,FALSE,2,6,98,52,66,72
male,FALSE,30,7,75,72,71,72.67
female,FALSE,28,6,85,94,95,91.33
female,TRUE,29,6,63,61,66,63.33
female,FALSE,35,6,91,89,93,91
female,FALSE,12,8,93,60,98,83.67
male,FALSE,32,6,87,67,96,83.33
male,FALSE,27,8,92,67,78,79
female,FALSE,25,6,84,92,96,90.67
male,FALSE,11,8,76,74,65,71.67
male,FALSE,2,7,95,81,83,86.33
female,FALSE,24,7,89,78,74,80.33
female,FALSE,16,8,62,76,72,70
male,TRUE,1,8,75,66,73,71.33
male,FALSE,2,8,94,63,62,73
female,FALSE,35,6,96,100,95,97
female,FALSE,5,7,74,90,75,79.67
female,FALSE,14,6,80,80,33,64.33
female,FALSE,26,7,97,96,80,91
male,FALSE,41,6,100,96,96,97.33
female,TRUE,6,6,99,88,69,85.33
male,FALSE,35,5,87,93,94,91.33
male,TRUE,30,7,99,65,95,86.33
male,TRUE,12,7,97,86,90,91
female,FALSE,29,6,61,66,72,66.33
female,TRUE,4,6,77,93,95,88.33
female,FALSE,0,8,60,89,77,75.33
male,FALSE,17,6,60,60,78,66
female,TRUE,20,7,100,76,99,91.67
female,FALSE,35,5,90,88,87,88.33
male,FALSE,26,5,80,88,83,83.67
female,TRUE,24,7,77,81,99,85.67
female,FALSE,0,6,57,79,87,74.33
male,FALSE,32,7,84,96,69,83
male,TRUE,4,6,96,61,97,84.67
male,FALSE,34,8,98,86,86,90
female,FALSE,29,7,81,71,62,71.33
male,TRUE,35,5,97,97,100,98
female,FALSE,23,6,96,84,86,88.67
male,FALSE,5,6,54,59,82,65
female,FALSE,1,5,87,84,95,88.67
male,FALSE,31,6,76,76,84,78.67
female,TRUE,14,6,87,70,77,78
male,FALSE,3,8,72,91,67,76.67
male,FALSE,18,7,86,69,68,74.33
male,TRUE,47,8,95,85,98,92.67
female,FALSE,4,6,83,63,80,75.33
male,TRUE,32,5,95,67,98,86.67
male,TRUE,20,8,72,98,87,85.67
female,FALSE,3,6,72,80,98,83.33
male,FALSE,19,7,70,74,73,72.33
male,TRUE,5,5,67,84,89,80
male,TRUE,0,7,57,72,77,68.67
female,TRUE,9,7,80,88,92,86.67
female,FALSE,4,7,79,54,53,62
male,FALSE,22,7,73,94,81,82.67
female,FALSE,3,8,88,89,58,78.33
female,FALSE,33,8,85,100,84,89.67
male,FALSE,13,5,81,85,62,76
male,FALSE,19,7,91,62,63,72
female,TRUE,10,6,90,74,95,86.33
female,FALSE,29,7,71,60,97,76
male,TRUE,31,8,71,92,74,79
male,TRUE,3,8,85,81,94,86.67
female,TRUE,29,8,72,77,79,76
male,FALSE,34,5,82,65,100,82.33
male,FALSE,4,7,60,77,75,70.67
male,FALSE,34,6,80,67,77,74.67
male,FALSE,30,5,91,84,65,80
female,FALSE,18,5,87,73,92,84
male,FALSE,32,8,73,72,49,64.67
male,FALSE,31,7,88,96,82,88.67
male,FALSE,0,5,93,86,66,81.67
male,FALSE,3,7,99,88,87,91.33
female,TRUE,5,6,67,64,67,66
male,TRUE,24,8,84,68,74,75.33
female,FALSE,27,7,65,90,66,73.67
male,TRUE,21,6,77,89,97,87.67
female,FALSE,32,7,81,61,61,67.67
female,FALSE,5,6,83,65,81,76.33
female,FALSE,7,6,96,77,83,85.33
male,FALSE,1,8,91,82,70,81
female,FALSE,22,6,79,72,69,73.33
male,TRUE,15,7,76,65,44,61.67
male,FALSE,12,8,85,63,67,71.67
male,TRUE,21,5,89,65,91,81.67
male,FALSE,24,8,74,87,77,79.33
female,FALSE,18,7,61,67,77,68.33
female,FALSE,4,5,100,87,98,95
male,FALSE,5,8,88,57,75,73.33
female,FALSE,32,7,72,76,93,80.33
male,TRUE,0,7,98,76,86,86.67
female,FALSE,34,7,95,83,83,87
female,FALSE,28,6,64,78,63,68.33
male,TRUE,30,8,82,89,94,88.33
male,FALSE,31,5,60,98,86,81.33
male,TRUE,33,6,100,84,95,93
female,FALSE,28,8,87,98,61,82
male,FALSE,31,5,82,63,90,78.33
male,FALSE,7,5,73,88,98,86.33
female,FALSE,28,6,62,60,97,73
female,TRUE,44,6,93,99,87,93
female,FALSE,13,8,87,90,84,87
male,FALSE,15,5,86,82,62,76.67
female,FALSE,16,8,97,83,74,84.67
female,FALSE,18,7,61,69,68,66
female,FALSE,28,8,92,70,90,84
female,FALSE,29,5,95,72,72,79.67
female,FALSE,30,6,97,75,83,85
female,TRUE,32,7,88,68,91,82.33
female,FALSE,19,5,76,96,68,80
female,FALSE,18,8,61,93,86,80
female,FALSE,23,7,96,99,85,93.33
male,FALSE,16,8,76,61,94,77
female,FALSE,1,7,75,83,60,72.67
male,FALSE,35,6,98,92,89,93
male,FALSE,32,7,69,80,72,73.67
male,FALSE,31,8,75,94,87,85.33
male,FALSE,0,5,89,87,67,81
male,FALSE,24,8,82,60,88,76.67
female,FALSE,13,6,71,82,43,65.33
male,FALSE,4,5,92,82,84,86
female,FALSE,1,6,84,78,63,75
female,FALSE,27,5,66,82,100,82.67
female,FALSE,4,7,68,53,58,59.67
male,FALSE,8,7,65,75,61,67
male,TRUE,35,8,89,91,90,90
male,TRUE,7,8,83,76,60,73
female,FALSE,4,5,58,79,70,69
male,FALSE,25,7,90,69,83,80.67
male,FALSE,28,8,75,81,91,82.33
male,FALSE,19,7,74,95,72,80.33
male,FALSE,16,6,82,98,91,90.33
female,FALSE,6,7,77,89,74,80
female,FALSE,4,5,87,81,90,86
male,FALSE,34,8,79,60,82,73.67
male,FALSE,31,7,66,66,100,77.33
male,FALSE,27,6,98,67,76,80.33
female,FALSE,22,5,85,94,69,82.67
female,TRUE,25,8,64,64,61,63
female,FALSE,19,5,61,62,82,68.33
male,FALSE,28,8,68,62,83,71
male,TRUE,34,8,83,84,83,83.33
male,FALSE,5,6,84,70,81,78.33
male,FALSE,34,5,83,76,83,80.67
male,FALSE,34,8,71,62,90,74.33
female,FALSE,19,6,66,97,62,75
male,FALSE,13,7,100,63,98,87
male,FALSE,18,7,86,72,89,82.33
female,FALSE,1,7,80,85,62,75.67
male,FALSE,29,7,96,79,97,90.67
male,FALSE,34,5,61,72,64,65.67
female,FALSE,31,8,96,91,82,89.67
male,FALSE,14,7,71,96,72,79.67
female,TRUE,32,5,77,100,61,79.33
male,FALSE,5,8,58,91,91,80
female,FALSE,33,7,81,63,75,73
male,FALSE,32,6,93,94,93,93.33
female,FALSE,11,7,70,79,68,72.33
male,FALSE,12,8,96,96,62,84.67
male,FALSE,24,6,98,70,92,86.67
male,TRUE,29,7,77,88,66,77
female,FALSE,33,7,73,83,71,75.67
male,FALSE,13,6,98,64,99,87
female,FALSE,10,8,81,74,96,83.67
female,FALSE,38,7,90,94,88,90.67
male,FALSE,5,8,92,99,84,91.67
female,TRUE,35,8,100,98,91,96.33
female,FALSE,1,7,85,82,100,89
male,FALSE,21,6,99,72,63,78
female,FALSE,5,7,71,85,82,79.33
female,TRUE,15,7,64,88,64,72
female,FALSE,28,7,85,91,100,92
female,FALSE,5,8,69,83,94,82
male,FALSE,35,6,97,94,88,93
female,TRUE,28,5,86,72,71,76.33
male,FALSE,16,8,91,76,77,81.33
male,FALSE,29,6,86,66,61,71
male,FALSE,3,6,83,52,81,72
male,FALSE,35,6,99,94,100,97.67
female,FALSE,29,7,61,73,60,64.67
female,TRUE,14,5,96,87,83,88.67
male,FALSE,11,6,81,61,62,68
male,TRUE,1,5,87,94,71,84
female,FALSE,14,6,64,88,84,78.67
female,TRUE,11,8,85,87,83,85
female,FALSE,28,8,70,81,62,71
male,FALSE,18,6,96,97,87,93.33
female,FALSE,31,6,67,67,80,71.33
female,FALSE,2,5,51,59,84,64.67
female,FALSE,32,8,91,92,53,78.67
female,FALSE,3,7,78,82,98,86
female,FALSE,33,5,64,79,96,79.67
female,FALSE,4,6,76,59,58,64.33
female,FALSE,0,7,68,65,87,73.33
female,FALSE,10,5,64,84,98,82
female,FALSE,11,6,76,80,81,79
male,FALSE,5,7,92,86,75,84.33
male,FALSE,33,6,95,82,100,92.33
female,TRUE,29,6,94,80,97,90.33
male,FALSE,26,8,74,67,72,71
male,FALSE,25,8,88,62,71,73.67
male,TRUE,30,5,95,71,68,78
male,FALSE,13,8,77,74,84,78.33
female,FALSE,25,6,80,83,89,84
female,FALSE,15,5,99,84,100,94.33
male,FALSE,10,8,60,83,97,80
female,TRUE,0,6,96,95,97,96
male,FALSE,17,8,99,92,93,94.67
female,FALSE,4,6,83,52,70,68.33
male,FALSE,32,6,64,69,82,71.67
female,FALSE,34,6,94,77,49,73.33
female,FALSE,8,5,91,60,95,82
female,TRUE,3,5,61,63,61,61.67
male,TRUE,3,6,86,80,73,79.67
female,FALSE,4,7,63,50,63,58.67
female,FALSE,2,5,91,75,99,88.33
male,FALSE,0,6,81,91,75,82.33
male,TRUE,3,6,100,77,66,81
female,FALSE,4,8,66,94,86,82
male,FALSE,21,5,88,81,71,80
male,FALSE,4,8,93,67,79,79.67
male,TRUE,1,6,93,84,86,87.67
female,FALSE,49,5,94,96,95,95
female,FALSE,12,8,89,60,79,76
female,FALSE,9,5,86,61,78,75
male,FALSE,20,6,86,66,97,83
male,TRUE,16,6,82,62,92,78.67
male,FALSE,13,5,64,74,79,72.33
male,FALSE,30,5,91,83,93,89
male,FALSE,7,6,99,60,82,80.33
female,FALSE,38,5,93,91,88,90.67
female,FALSE,7,8,61,77,74,70.67
male,FALSE,8,6,79,60,93,77.33
male,FALSE,8,6,62,65,70,65.67
male,TRUE,11,8,94,75,97,88.67
female,TRUE,30,8,99,81,60,80
female,TRUE,11,6,84,86,74,81.33
male,FALSE,35,8,89,94,93,92
female,FALSE,4,5,58,78,91,75.67
female,TRUE,6,7,75,86,84,81.67
male,FALSE,33,7,89,91,86,88.67
female,FALSE,1,7,70,75,100,81.67
male,FALSE,11,7,70,62,87,73
female,FALSE,21,6,81,63,92,78.67
male,FALSE,24,8,67,72,78,72.33
male,FALSE,4,6,92,74,79,81.67
male,FALSE,1,5,85,78,92,85
male,TRUE,12,7,90,79,97,88.67
male,FALSE,28,5,99,86,88,91
male,FALSE,20,8,91,94,100,95
female,FALSE,35,5,93,87,86,88.67
female,FALSE,33,7,62,88,100,83.33
female,FALSE,4,6,68,82,65,71.67
male,FALSE,1,5,70,90,79,79.67
female,FALSE,7,5,67,87,66,73.33
male,FALSE,27,6,82,71,99,84
female,FALSE,34,6,75,65,74,71.33
female,FALSE,17,6,77,65,83,75
male,FALSE,18,8,95,68,61,74.67
female,TRUE,9,8,92,77,79,82.67
female,FALSE,3,8,99,98,69,88.67
female,FALSE,28,7,75,84,74,77.67
female,FALSE,28,7,86,83,98,89
female,FALSE,26,6,89,96,88,91
female,TRUE,4,5,50,53,55,52.67
female,FALSE,15,8,94,82,81,85.67
female,FALSE,33,5,83,74,76,77.67
female,TRUE,31,5,100,96,65,87
male,TRUE,7,6,65,90,61,72
female,FALSE,26,6,98,68,70,78.67
female,FALSE,3,6,57,93,85,78.33
male,FALSE,31,7,80,89,75,81.33
male,FALSE,1,6,77,81,83,80.33
male,TRUE,30,7,92,78,59,76.33
male,TRUE,28,8,76,60,95,77
female,FALSE,24,7,98,94,89,93.67
female,TRUE,28,6,68,94,62,74.67
male,FALSE,6,5,78,85,68,77
female,TRUE,5,5,82,51,67,66.67
female,FALSE,12,7,70,81,94,81.67
male,FALSE,3,8,98,100,62,86.67
female,FALSE,26,6,98,94,88,93.33
female,FALSE,18,5,84,96,45,75
female,FALSE,31,6,74,94,35,67.67
female,FALSE,17,5,85,66,70,73.67
female,TRUE,23,5,100,69,64,77.67
male,FALSE,17,8,67,77,88,77.33
male,FALSE,29,6,97,89,87,91
female,FALSE,13,8,79,76,76,77
female,TRUE,2,7,66,80,82,76
female,FALSE,35,5,98,91,86,91.67
female,FALSE,35,7,88,94,99,93.67
male,FALSE,28,8,78,89,83,83.33
male,TRUE,2,6,75,73,51,66.33
male,TRUE,28,5,92,64,66,74
male,TRUE,26,6,65,64,30,53
male,FALSE,26,6,87,92,64,81
female,FALSE,22,6,96,88,96,93.33
male,FALSE,26,6,97,72,79,82.67
female,FALSE,16,5,74,87,71,77.33
female,FALSE,2,6,81,83,57,73.67
male,TRUE,10,5,81,79,84,81.33
female,TRUE,21,8,82,93,92,89
male,FALSE,30,5,61,99,77,79
female,FALSE,24,8,90,75,64,76.33
male,FALSE,33,7,73,97,61,77
female,FALSE,3,8,91,81,97,89.67
female,FALSE,34,7,70,60,88,72.67
female,TRUE,2,6,78,87,87,84
female,FALSE,17,5,90,69,75,78
male,FALSE,18,7,89,81,75,81.67
male,FALSE,16,7,79,77,65,73.67
male,TRUE,21,5,92,85,95,90.67
male,FALSE,24,6,65,67,97,76.33
female,TRUE,27,7,97,65,87,83
female,TRUE,24,8,98,87,61,82
male,FALSE,27,6,100,81,73,84.67
male,FALSE,14,8,88,92,83,87.67
male,FALSE,30,6,71,96,65,77.33
female,FALSE,24,7,89,87,76,84
female,FALSE,0,6,89,86,69,81.33
male,FALSE,35,6,96,98,88,94
female,FALSE,21,6,64,88,80,77.33
male,FALSE,15,8,90,89,49,76
female,FALSE,5,5,90,83,90,87.67
male,FALSE,3,6,84,63,92,79.67
female,FALSE,8,5,70,97,69,78.67
female,FALSE,1,8,91,62,82,78.33
female,TRUE,5,8,92,51,96,79.67
female,TRUE,26,5,79,60,100,79.67
female,FALSE,24,6,61,98,90,83
female,FALSE,24,7,90,81,86,85.67
male,TRUE,9,8,80,66,62,69.33
male,FALSE,3,8,85,60,77,74
male,FALSE,1,6,97,94,89,93.33
female,FALSE,15,8,88,78,67,77.67
female,FALSE,32,8,92,89,92,91
female,FALSE,26,6,66,70,57,64.33
male,TRUE,32,7,75,73,66,71.33
male,FALSE,35,7,88,86,85,86.33
male,FALSE,2,8,91,64,69,74.67
male,FALSE,13,7,92,61,85,79.33
female,TRUE,20,8,80,60,96,78.67
female,FALSE,5,8,77,97,78,84
male,FALSE,5,8,62,64,68,64.67
female,FALSE,34,8,90,99,90,93
female,FALSE,34,7,82,68,88,79.33
male,FALSE,21,5,96,62,66,74.67
female,FALSE,27,6,84,82,78,81.33
male,FALSE,31,5,62,84,74,73.33
male,FALSE,31,6,97,73,90,86.67
female,FALSE,12,8,87,61,91,79.67
male,FALSE,13,5,96,92,91,93
male,FALSE,28,6,88,79,100,89
male,FALSE,27,6,98,81,78,85.67
female,FALSE,4,5,82,61,79,74
male,FALSE,33,6,83,87,60,76.67
female,FALSE,18,5,73,91,34,66
female,FALSE,29,8,67,89,90,82
female,FALSE,13,8,89,97,61,82.33
male,FALSE,5,6,84,85,82,83.67
female,FALSE,15,7,74,94,94,87.33
male,FALSE,2,6,98,97,72,89
female,FALSE,27,7,85,86,76,82.33
male,FALSE,22,8,80,88,71,79.67
female,TRUE,24,6,67,91,75,77.67
female,FALSE,27,8,66,80,72,72.67
female,FALSE,25,6,66,67,60,64.33
male,FALSE,17,6,88,99,92,93
male,FALSE,14,5,98,72,69,79.67
female,FALSE,14,6,74,88,90,84
male,FALSE,3,7,96,67,82,81.67
female,FALSE,5,7,79,59,61,66.33
female,TRUE,2,5,87,80,76,81
male,FALSE,4,6,100,97,91,96
female,FALSE,33,7,96,98,61,85
male,FALSE,31,8,89,71,74,78
male,FALSE,16,7,98,95,97,96.67
male,FALSE,15,8,83,68,76,75.67
female,TRUE,5,6,67,63,98,76
male,FALSE,3,7,60,54,68,60.67
female,FALSE,4,8,69,61,79,69.67
female,TRUE,29,8,67,79,84,76.67
male,TRUE,18,8,93,74,73,80
female,FALSE,16,8,66,88,75,76.33
male,FALSE,23,7,92,62,96,83.33
female,FALSE,28,8,60,88,63,70.33
female,FALSE,31,5,94,87,65,82
female,FALSE,5,8,88,96,57,80.33
male,FALSE,6,8,96,95,75,88.67
male,FALSE,33,5,64,61,97,74
female,FALSE,0,8,72,50,75,65.67
female,TRUE,19,7,61,64,75,66.67
female,FALSE,26,7,95,62,69,75.33
female,FALSE,3,5,90,99,93,94
male,FALSE,10,5,61,94,86,80.33
female,FALSE,24,6,81,98,86,88.33
female,FALSE,1,6,65,98,92,85
female,FALSE,25,7,88,100,89,92.33
female,FALSE,15,8,94,74,75,81
male,FALSE,3,5,61,87,86,78
female,TRUE,14,6,71,60,69,66.67
male,FALSE,31,5,74,92,96,87.33
female,TRUE,9,7,100,97,74,90.33
female,FALSE,8,7,73,82,66,73.67
male,FALSE,22,8,65,80,55,66.67
female,FALSE,11,6,74,79,81,78
female,FALSE,2,5,64,61,91,72
female,FALSE,21,7,72,100,77,83
female,FALSE,28,7,84,64,66,71.33
female,FALSE,4,7,72,73,78,74.33
male,FALSE,35,5,93,93,88,91.33
male,FALSE,27,5,80,85,94,86.33
male,TRUE,14,7,69,99,55,74.33
female,FALSE,1,8,65,95,52,70.67
male,FALSE,29,5,86,93,99,92.67
female,FALSE,33,5,78,66,95,79.67
male,FALSE,18,7,72,81,86,79.67
male,FALSE,11,8,91,88,87,88.67
female,FALSE,3,8,60,61,66,62.33
male,FALSE,19,6,73,94,73,80
male,FALSE,31,7,81,68,73,74
male,TRUE,28,8,78,72,63,71
male,FALSE,11,5,87,60,86,77.67
male,FALSE,16,6,92,86,79,85.67
male,FALSE,4,8,81,78,82,80.33
female,FALSE,15,8,67,88,68,74.33
male,FALSE,31,5,99,65,66,76.67
male,FALSE,29,8,62,63,100,75
male,FALSE,27,7,92,62,64,72.67
male,FALSE,29,8,78,78,99,85
female,FALSE,23,8,79,87,63,76.33
female,FALSE,32,7,81,92,87,86.67
female,FALSE,9,7,71,98,93,87.33
female,FALSE,16,5,95,97,88,93.33
male,FALSE,29,8,77,61,79,72.33
female,TRUE,5,7,80,87,100,89
male,FALSE,14,7,68,75,71,71.33
male,FALSE,20,7,78,99,65,80.67
female,FALSE,28,6,64,93,81,79.33
female,FALSE,13,5,83,80,67,76.67
male,TRUE,3,7,88,95,64,82.33
female,FALSE,26,7,70,90,97,85.67
male,FALSE,8,7,71,62,89,74
female,FALSE,4,5,56,59,68,61
male,TRUE,20,5,86,77,87,83.33
male,FALSE,34,8,98,74,87,86.33
male,FALSE,42,7,98,85,95,92.67
male,FALSE,4,8,89,91,76,85.33
female,TRUE,14,7,64,93,60,72.33
male,FALSE,29,6,86,96,73,85
female,FALSE,34,6,69,81,67,72.33
male,FALSE,1,8,97,67,72,78.67
male,FALSE,27,8,92,65,90,82.33
female,FALSE,30,8,64,61,86,70.33
male,FALSE,33,8,84,91,96,90.33
female,FALSE,15,5,65,98,78,80.33
female,FALSE,5,8,73,65,63,67
male,FALSE,29,5,78,80,94,84
female,FALSE,28,7,100,100,99,99.67
female,FALSE,1,8,65,62,76,67.67
female,FALSE,22,7,80,99,91,90
male,FALSE,21,8,75,86,72,77.67
male,FALSE,34,7,81,94,92,89
male,FALSE,33,5,69,97,64,76.67
female,TRUE,3,5,72,98,56,75.33
female,FALSE,0,7,84,88,78,83.33
male,FALSE,3,8,58,70,63,63.67
female,FALSE,20,7,77,96,92,88.33
male,FALSE,18,8,69,92,95,85.33
female,FALSE,35,8,99,91,94,94.67
female,FALSE,3,5,80,74,71,75
female,FALSE,27,6,92,66,62,73.33
male,FALSE,32,8,81,87,99,89
male,FALSE,30,5,71,84,63,72.67
male,FALSE,3,7,85,86,93,88
female,TRUE,19,8,71,68,74,71
female,FALSE,9,7,66,87,78,77
male,FALSE,26,6,85,69,80,78
female,FALSE,28,8,100,75,63,79.33
female,FALSE,35,7,92,98,92,94
male,FALSE,32,5,93,66,83,80.67
female,FALSE,35,5,95,88,89,90.67
female,FALSE,26,7,98,100,89,95.67
male,FALSE,14,6,99,83,74,85.33
female,FALSE,26,7,71,69,76,72
female,TRUE,3,8,89,79,79,82.33
male,FALSE,33,8,100,90,76,88.67
male,FALSE,35,6,85,91,86,87.33
female,FALSE,22,5,94,64,61,73
female,FALSE,23,7,90,80,91,87
male,TRUE,27,6,95,70,95,86.67
male,FALSE,31,8,79,79,74,77.33
female,FALSE,26,5,84,70,77,77
female,FALSE,1,8,95,63,62,73.33
female,FALSE,7,7,100,90,89,93
female,TRUE,4,5,74,74,66,71.33
male,FALSE,31,7,96,84,97,92.33
male,TRUE,23,6,79,94,37,70
female,FALSE,5,6,94,75,72,80.33
male,FALSE,1,7,84,90,83,85.67
male,FALSE,4,5,97,98,60,85
male,TRUE,23,7,81,64,75,73.33
male,FALSE,15,6,62,82,70,71.33
male,FALSE,24,6,68,95,67,76.67
male,FALSE,31,8,82,85,73,80
male,FALSE,29,6,90,89,69,82.67
female,FALSE,49,8,87,92,92,90.33
male,FALSE,6,8,82,70,93,81.67
male,TRUE,33,7,69,84,79,77.33
female,TRUE,10,6,87,62,92,80.33
female,FALSE,13,5,81,69,98,82.67
female,TRUE,25,6,71,63,75,69.67
female,FALSE,35,6,99,91,94,94.67
male,TRUE,1,7,85,84,98,89
male,FALSE,29,6,79,95,74,82.67
male,FALSE,20,8,67,85,90,80.67
male,FALSE,49,7,87,91,86,88
female,FALSE,13,5,83,81,60,74.67
female,FALSE,20,6,90,79,93,87.33
female,TRUE,18,8,65,100,74,79.67
male,FALSE,23,5,69,60,76,68.33
female,FALSE,10,7,91,68,80,79.67
female,TRUE,4,8,75,85,100,86.67
male,FALSE,11,5,92,100,100,97.33
female,FALSE,15,5,67,67,88,74
female,TRUE,16,8,85,73,74,77.33
male,TRUE,5,7,57,51,63,57
female,TRUE,26,6,95,92,74,87
male,FALSE,29,5,69,87,60,72
female,FALSE,3,6,54,70,53,59
male,TRUE,32,7,84,100,77,87
female,FALSE,24,7,97,93,88,92.67
female,TRUE,20,5,60,99,100,86.33
female,TRUE,1,6,61,82,69,70.67
male,FALSE,0,8,81,61,65,69
male,TRUE,5,8,92,93,92,92.33
female,FALSE,5,8,67,73,57,65.67
male,FALSE,1,8,64,54,87,68.33
female,TRUE,27,6,80,61,66,69
male,FALSE,29,6,90,81,92,87.67
female,FALSE,4,5,77,81,65,74.33
female,TRUE,4,5,80,98,61,79.67
male,FALSE,21,5,84,100,90,91.33
female,FALSE,31,8,98,73,63,78
female,FALSE,15,7,94,89,85,89.33
male,FALSE,30,5,82,69,91,80.67
male,FALSE,31,5,91,73,89,84.33
male,FALSE,23,8,81,61,64,68.67
male,FALSE,23,5,78,96,70,81.33
female,FALSE,27,7,73,79,84,78.67
female,TRUE,5,7,100,83,78,87
female,FALSE,4,5,53,60,90,67.67
female,FALSE,21,8,70,71,73,71.33
male,FALSE,26,5,75,98,70,81
female,FALSE,13,6,65,98,69,77.33
female,FALSE,10,8,93,88,83,88
female,FALSE,25,7,69,73,71,71
female,FALSE,13,7,66,100,98,88
male,FALSE,29,6,95,92,91,92.67
female,FALSE,1,7,81,62,75,72.67
female,FALSE,11,7,82,77,90,83
female,FALSE,26,6,89,69,100,86
female,FALSE,12,7,71,90,92,84.33
male,FALSE,32,8,77,95,80,84
female,FALSE,28,8,60,90,51,67
female,FALSE,34,8,99,81,96,92
female,FALSE,17,6,79,66,96,80.33
female,FALSE,31,8,80,79,70,76.33
male,TRUE,25,7,96,69,71,78.67
female,FALSE,14,8,90,87,89,88.67
female,FALSE,2,8,91,82,73,82
male,FALSE,5,5,85,99,76,86.67
female,FALSE,2,6,84,91,96,90.33
male,FALSE,33,6,96,86,85,89
male,FALSE,33,6,65,76,69,70
female,FALSE,5,6,72,72,90,78
male,FALSE,23,5,72,70,87,76.33
female,FALSE,2,7,59,91,53,67.67
female,FALSE,23,7,66,95,93,84.67
female,FALSE,3,6,50,96,70,72
male,FALSE,48,6,96,98,89,94.33
male,FALSE,32,7,62,65,79,68.67
male,TRUE,3,7,52,99,87,79.33
male,FALSE,24,6,96,93,62,83.67
female,FALSE,21,6,81,65,74,73.33
male,FALSE,0,5,65,56,67,62.67
female,FALSE,25,5,69,71,74,71.33
female,FALSE,10,6,61,78,80,73
male,FALSE,4,6,91,69,60,73.33
female,FALSE,7,8,74,72,83,76.33
male,FALSE,0,8,100,81,61,80.67
female,FALSE,2,6,77,73,68,72.67
male,TRUE,16,8,88,90,82,86.67
male,FALSE,12,8,100,60,94,84.67
male,FALSE,4,5,60,98,74,77.33
male,TRUE,23,7,86,75,65,75.33
female,FALSE,15,5,64,79,52,65
male,FALSE,31,8,97,97,71,88.33
male,FALSE,3,5,58,78,83,73
female,FALSE,2,6,62,99,98,86.33
female,FALSE,35,8,96,92,97,95
male,FALSE,27,8,77,70,81,76
female,FALSE,32,8,67,86,81,78
female,FALSE,24,6,93,60,74,75.67
male,TRUE,29,8,65,66,71,67.33
male,TRUE,4,7,81,55,77,71
male,FALSE,17,8,95,90,73,86
male,FALSE,18,5,74,61,94,76.33
male,FALSE,15,6,87,74,92,84.33
male,FALSE,32,6,70,71,74,71.67
female,FALSE,3,5,97,75,79,83.67
female,FALSE,31,8,89,90,91,90
male,TRUE,3,8,87,97,88,90.67
male,FALSE,25,7,88,73,78,79.67
male,TRUE,0,8,100,66,71,79
male,FALSE,29,7,63,81,97,80.33
female,FALSE,17,5,71,85,72,76
female,FALSE,0,8,57,80,89,75.33
male,FALSE,25,8,74,72,80,75.33
male,FALSE,23,5,74,66,73,71
female,FALSE,4,5,59,76,72,69
male,TRUE,11,8,91,61,68,73.33
female,FALSE,12,8,69,66,65,66.67
female,FALSE,48,6,98,98,97,97.67
male,TRUE,0,7,53,68,94,71.67
male,TRUE,12,5,90,69,88,82.33
female,TRUE,31,5,65,68,71,68
female,FALSE,19,8,96,72,84,84
female,FALSE,17,6,65,81,73,73
male,TRUE,24,8,84,96,92,90.67
female,FALSE,11,8,95,62,93,83.33
male,FALSE,2,5,75,83,70,76
female,TRUE,32,5,94,91,92,92.33
male,FALSE,5,7,87,95,65,82.33
male,TRUE,23,7,84,82,88,84.67
female,FALSE,14,5,82,91,86,86.33
male,FALSE,1,8,70,80,64,71.33
male,FALSE,32,5,91,93,85,89.67
male,FALSE,34,5,100,88,81,89.67
female,TRUE,13,5,72,98,82,84
male,FALSE,24,8,87,100,96,94.33
female,FALSE,32,6,82,80,98,86.67
male,FALSE,21,8,90,83,88,87
female,FALSE,0,7,59,77,66,67.33
female,FALSE,34,7,90,82,99,90.33
male,FALSE,14,7,60,62,86,69.33
male,FALSE,25,5,69,75,76,73.33
female,FALSE,5,7,97,95,91,94.33
female,FALSE,3,8,83,81,100,88
female,FALSE,20,6,88,62,73,74.33
male,TRUE,26,7,78,63,83,74.67
female,FALSE,2,6,70,86,80,78.67
female,TRUE,1,6,88,81,93,87.33
male,FALSE,1,8,75,55,82,70.67
female,FALSE,25,6,71,89,91,83.67
female,FALSE,35,6,100,86,94,93.33
female,FALSE,2,8,67,95,82,81.33
female,FALSE,5,6,56,50,76,60.67
female,FALSE,24,7,82,87,100,89.67
female,FALSE,5,7,78,77,71,75.33
female,FALSE,3,7,81,69,82,77.33
male,FALSE,5,7,99,65,83,82.33
female,FALSE,33,6,85,68,97,83.33
male,FALSE,15,8,84,66,88,79.33
female,FALSE,32,6,76,95,79,83.33
male,TRUE,14,8,85,72,67,74.67
male,FALSE,47,6,98,97,99,98
female,FALSE,6,8,89,90,78,85.67
male,TRUE,3,6,78,63,90,77
male,TRUE,42,6,93,89,92,91.33
male,FALSE,22,6,80,60,89,76.33
female,FALSE,1,7,74,90,82,82
female,TRUE,21,7,66,63,68,65.67
male,FALSE,50,6,87,90,87,88
male,FALSE,29,8,86,82,35,67.67
female,FALSE,31,6,78,79,84,80.33
female,FALSE,5,7,76,100,93,89.67
male,TRUE,25,8,98,88,94,93.33
female,FALSE,22,7,82,81,95,86
female,TRUE,1,6,51,51,96,66
female,FALSE,26,6,95,85,93,91
male,FALSE,3,6,61,95,70,75.33
male,FALSE,12,5,66,99,100,88.33
male,FALSE,1,5,85,61,59,68.33
female,TRUE,18,5,69,88,92,83
male,FALSE,27,5,76,97,81,84.67
female,FALSE,24,6,84,66,74,74.67
female,TRUE,19,8,60,87,92,79.67
male,FALSE,47,8,93,87,93,91
male,FALSE,11,7,80,60,76,72
female,FALSE,29,6,72,98,96,88.67
male,TRUE,14,7,90,61,66,72.33
female,FALSE,4,8,89,98,73,86.67
female,FALSE,15,8,85,95,60,80
female,FALSE,32,6,86,96,65,82.33
male,FALSE,33,5,96,86,87,89.67
female,TRUE,29,8,97,98,91,95.33
male,FALSE,31,5,97,100,85,94
female,FALSE,29,7,70,90,83,81
female,FALSE,0,8,65,91,76,77.33
female,FALSE,1,7,75,72,81,76
female,FALSE,42,6,87,96,93,92
female,TRUE,2,7,100,93,91,94.67
male,FALSE,1,7,72,100,87,86.33
male,FALSE,11,7,64,74,60,66
female,FALSE,18,5,60,70,86,72
female,TRUE,35,5,90,93,85,89.33
male,FALSE,1,7,100,75,70,81.67
male,FALSE,12,8,90,68,90,82.67
female,FALSE,21,5,64,80,79,74.33
male,TRUE,18,7,89,88,74,83.67
male,FALSE,5,6,64,62,79,68.33
female,FALSE,2,5,83,50,52,61.67
male,TRUE,27,7,61,86,72,73
female,FALSE,18,6,74,65,100,79.67
male,FALSE,28,6,70,94,66,76.67
male,FALSE,1,6,79,65,57,67
male,FALSE,42,6,96,90,97,94.33
female,FALSE,21,8,95,66,84,81.67
male,FALSE,31,8,60,90,85,78.33
female,FALSE,34,6,93,62,92,82.33
male,TRUE,5,8,93,73,100,88.67
male,FALSE,46,5,88,91,85,88
female,FALSE,9,6,93,89,88,90
male,FALSE,26,5,62,85,72,73
female,FALSE,31,6,76,61,87,74.67
male,FALSE,27,7,71,62,92,75
male,FALSE,28,6,97,61,64,74
female,TRUE,5,8,91,82,86,86.33
female,FALSE,4,8,58,66,66,63.33
male,FALSE,33,6,95,97,98,96.67
male,FALSE,16,5,72,89,68,76.33
female,FALSE,15,8,63,62,74,66.33
male,FALSE,10,5,87,93,83,87.67
female,TRUE,18,7,86,88,80,84.67
male,FALSE,12,8,61,71,98,76.67
female,FALSE,25,5,100,60,80,80
female,FALSE,23,5,94,83,75,84
female,FALSE,8,6,93,65,87,81.67
male,FALSE,32,8,60,99,45,68
female,FALSE,0,5,54,78,55,62.33
male,FALSE,0,8,68,53,70,63.67
male,FALSE,6,7,60,80,65,68.33
male,FALSE,5,8,88,81,63,77.33
male,FALSE,16,5,86,61,70,72.33
male,TRUE,4,5,64,84,84,77.33
female,FALSE,2,6,100,87,91,92.67
male,FALSE,35,6,91,89,95,91.67
female,TRUE,34,5,76,61,91,76
female,FALSE,7,5,70,90,73,77.67
male,FALSE,14,6,92,66,90,82.67
female,FALSE,24,8,80,84,85,83
female,FALSE,25,5,79,85,63,75.67
male,FALSE,3,5,73,67,84,74.67
female,TRUE,0,6,71,84,52,69
female,FALSE,33,8,97,64,87,82.67
male,FALSE,12,7,78,95,60,77.67
female,TRUE,1,5,89,88,94,90.33
male,TRUE,19,5,61,85,75,73.67
male,FALSE,2,6,64,95,87,82
male,FALSE,3,5,96,89,96,93.67
female,TRUE,1,7,98,67,61,75.33
male,FALSE,48,5,88,92,99,93
male,FALSE,32,8,92,61,63,72
female,FALSE,1,6,100,88,65,84.33
female,FALSE,22,6,81,98,88,89
male,FALSE,16,5,69,65,67,67
male,FALSE,15,6,93,73,80,82
male,TRUE,26,8,73,94,88,85
male,FALSE,46,5,94,87,89,90
male,FALSE,31,8,80,95,80,85
female,FALSE,4,6,60,74,63,65.67
female,FALSE,5,7,60,94,93,82.33
male,FALSE,21,6,78,97,87,87.33
female,FALSE,26,8,72,80,99,83.67
female,FALSE,3,8,60,81,75,72
female,TRUE,11,6,73,77,81,77
male,FALSE,5,6,74,50,98,74
female,TRUE,19,7,72,63,65,66.67
female,FALSE,3,8,89,85,74,82.67
male,FALSE,15,6,61,93,98,84
male,FALSE,32,7,74,77,100,83.67
male,FALSE,4,8,90,72,75,79
male,FALSE,31,8,92,92,85,89.67
male,FALSE,19,8,90,76,79,81.67
female,FALSE,16,6,83,78,71,77.33
male,FALSE,29,7,72,65,90,75.67
male,FALSE,26,8,92,96,81,89.67
male,FALSE,27,5,92,83,84,86.33
male,FALSE,35,5,88,100,89,92.33
female,FALSE,26,7,94,69,93,85.33
female,FALSE,28,7,94,93,87,91.33
male,FALSE,32,8,92,91,82,88.33
male,FALSE,33,5,82,81,85,82.67
female,TRUE,18,6,82,90,96,89.33
male,FALSE,18,7,84,92,71,82.33
female,TRUE,9,7,91,99,60,83.33
male,FALSE,25,7,85,90,93,89.33
female,TRUE,18,7,89,79,89,85.67
female,FALSE,3,7,66,79,91,78.67
female,TRUE,34,5,98,90,83,90.33
female,FALSE,4,5,73,54,94,73.67
male,FALSE,14,8,87,91,78,85.33
male,FALSE,8,7,88,68,88,81.33
female,FALSE,35,5,89,97,99,95
male,FALSE,2,7,92,73,67,77.33
female,FALSE,27,6,94,81,60,78.33
male,FALSE,20,5,78,65,57,66.67
male,FALSE,21,7,92,63,73,76
female,FALSE,6,8,71,97,78,82
female,FALSE,18,6,77,71,75,74.33
female,FALSE,7,8,88,91,61,80
female,FALSE,24,7,79,81,95,85
male,FALSE,21,8,97,66,87,83.33
male,FALSE,2,8,59,62,58,59.67
female,FALSE,34,5,81,93,100,91.33
female,TRUE,0,5,89,83,78,83.33
male,FALSE,17,6,94,96,74,88
female,FALSE,10,7,88,92,65,81.67
female,TRUE,35,6,88,89,90,89
male,FALSE,27,7,96,70,66,77.33
male,TRUE,30,7,94,100,89,94.33
male,FALSE,35,8,96,94,100,96.67
female,FALSE,5,7,93,67,85,81.67
female,TRUE,10,6,71,93,78,80.67
female,FALSE,1,6,90,81,61,77.33
male,FALSE,0,6,92,98,56,82
male,FALSE,30,6,94,75,66,78.33
male,FALSE,3,6,58,59,96,71
male,TRUE,18,8,80,68,80,76
female,TRUE,0,7,78,85,94,85.67
male,FALSE,15,8,74,96,95,88.33
female,FALSE,43,8,87,88,99,91.33
male,FALSE,16,8,97,76,97,90
female,FALSE,23,5,100,78,32,70
male,FALSE,2,7,93,67,69,76.33
female,FALSE,34,6,92,86,65,81
male,FALSE,34,6,65,84,86,78.33
male,FALSE,18,8,99,65,72,78.67
female,TRUE,21,6,84,84,63,77
male,TRUE,3,5,96,96,94,95.33
female,FALSE,31,8,88,90,89,89
female,TRUE,17,8,79,79,93,83.67
female,FALSE,10,8,76,81,73,76.67
female,FALSE,5,6,63,64,84,70.33
male,FALSE,8,7,70,60,71,67
male,FALSE,3,7,62,77,74,71
female,FALSE,30,8,82,87,93,87.33
female,FALSE,20,6,97,93,87,92.33
female,FALSE,25,8,68,74,74,72
male,TRUE,23,7,86,84,64,78
male,FALSE,3,8,86,81,90,85.67
male,FALSE,24,8,76,92,97,88.33
male,FALSE,37,5,96,89,100,95
male,FALSE,28,8,72,97,74,81
female,FALSE,5,7,68,91,79,79.33
female,FALSE,6,8,74,63,78,71.67
female,FALSE,40,5,87,85,91,87.67
male,TRUE,35,5,97,92,85,91.33
male,TRUE,34,6,99,96,85,93.33
male,FALSE,24,7,100,73,90,87.67
female,FALSE,35,5,92,95,98,95
female,FALSE,0,6,93,81,95,89.67
male,FALSE,35,5,92,87,95,91.33
male,TRUE,18,7,69,81,100,83.33
female,TRUE,1,6,50,100,77,75.67
male,FALSE,16,6,85,60,96,80.33
male,FALSE,28,6,72,79,61,70.67
male,FALSE,14,5,72,79,83,78
male,FALSE,25,7,89,86,92,89
female,FALSE,16,8,90,63,63,72
male,FALSE,28,7,89,74,61,74.67
male,FALSE,15,6,83,74,73,76.67
male,FALSE,46,6,88,98,99,95
male,FALSE,34,6,77,90,93,86.67
male,FALSE,27,6,71,77,90,79.33
female,FALSE,28,8,97,90,99,95.33
male,FALSE,33,8,96,95,92,94.33
female,FALSE,12,8,72,66,94,77.33
male,FALSE,27,6,94,81,80,85
female,FALSE,15,6,67,76,74,72.33
female,TRUE,3,8,98,65,88,83.67
male,FALSE,26,6,92,67,61,73.33
female,FALSE,35,8,87,97,93,92.33
male,FALSE,20,8,75,85,65,75
female,FALSE,14,6,96,84,96,92
female,TRUE,24,7,83,62,66,70.33
male,FALSE,8,7,82,83,63,76
female,FALSE,19,5,67,100,63,76.67
female,TRUE,2,7,70,92,63,75
female,FALSE,29,6,72,81,85,79.33
male,FALSE,14,5,92,61,98,83.67
male,FALSE,19,6,95,68,33,65.33
male,FALSE,29,5,61,96,89,82
female,FALSE,2,6,74,75,95,81.33
female,FALSE,25,6,69,94,88,83.67
female,FALSE,6,7,83,66,93,80.67
male,TRUE,11,7,91,94,97,94
male,TRUE,4,5,89,96,78,87.67
male,FALSE,33,6,76,71,82,76.33
female,TRUE,22,5,87,86,98,90.33
female,FALSE,34,6,91,84,85,86.67
male,FALSE,22,7,85,76,90,83.67
female,FALSE,5,5,82,63,91,78.67
male,FALSE,11,7,60,65,83,69.33
male,FALSE,12,6,87,80,81,82.67
female,FALSE,35,6,99,87,100,95.33
female,FALSE,6,7,91,62,70,74.33
male,TRUE,0,8,87,60,68,71.67
male,TRUE,26,8,80,64,69,71
male,FALSE,19,5,91,97,96,94.67
female,FALSE,3,6,72,62,86,73.33
male,FALSE,14,5,75,60,93,76
male,FALSE,12,6,87,84,97,89.33
male,FALSE,18,6,100,64,100,88
male,FALSE,4,8,95,76,61,77.33
male,FALSE,34,6,80,92,84,85.33
male,FALSE,21,6,78,87,64,76.33
female,TRUE,5,5,94,60,65,73
male,TRUE,16,6,69,82,70,73.67
female,FALSE,31,6,95,91,99,95
female,FALSE,1,6,54,87,97,79.33
male,FALSE,35,8,88,97,91,92
male,TRUE,41,5,97,99,87,94.33
male,TRUE,1,8,77,96,76,83
male,FALSE,6,7,81,86,71,79.33
female,FALSE,30,7,99,92,89,93.33
female,FALSE,32,8,66,66,78,70
male,FALSE,18,8,93,83,65,80.33
male,FALSE,2,6,82,56,71,69.67
female,FALSE,5,8,71,76,67,71.33
female,FALSE,32,7,95,80,93,89.33
female,FALSE,18,7,74,76,95,81.67
female,FALSE,27,5,73,70,60,67.67
male,FALSE,9,5,97,61,60,72.67
female,FALSE,15,7,82,61,96,79.67
male,FALSE,1,5,66,95,67,76
female,FALSE,2,8,69,70,100,79.67
male,FALSE,31,7,66,95,66,75.67
female,FALSE,2,5,79,89,72,80
female,FALSE,2,5,87,93,79,86.33
female,FALSE,5,6,92,71,90,84.33
male,FALSE,21,7,81,67,93,80.33
female,FALSE,12,7,87,66,78,77
female,FALSE,0,7,87,51,77,71.67
male,FALSE,26,5,82,92,70,81.33
male,FALSE,15,6,64,95,71,76.67
female,FALSE,14,7,85,85,62,77.33
female,FALSE,9,6,60,79,71,70
male,FALSE,19,5,90,74,100,88
female,FALSE,17,7,86,98,83,89
female,TRUE,9,7,72,88,89,83
female,TRUE,14,5,68,60,81,69.67
male,TRUE,3,6,94,74,83,83.67
male,TRUE,22,6,72,90,60,74
female,FALSE,10,5,82,93,71,82
male,FALSE,1,5,57,60,80,65.67
female,FALSE,10,8,72,66,73,70.33
female,FALSE,36,7,95,92,95,94
female,FALSE,34,8,87,76,95,86
male,FALSE,32,5,100,100,100,100
female,FALSE,28,6,100,60,77,79
female,FALSE,3,7,59,78,61,66
male,FALSE,32,7,82,64,75,73.67
male,FALSE,4,5,90,78,66,78
male,FALSE,21,7,98,96,66,86.67
female,TRUE,22,6,78,100,98,92
female,FALSE,28,6,98,87,99,94.67
male,FALSE,35,5,96,95,95,95.33
male,FALSE,35,6,85,90,92,89
female,TRUE,16,5,65,63,97,75
male,TRUE,20,7,71,67,98,78.67
female,FALSE,27,7,98,61,92,83.67
female,FALSE,14,7,94,99,67,86.67
male,FALSE,35,7,100,94,93,95.67
male,FALSE,2,6,77,60,74,70.33
male,FALSE,3,7,80,84,90,84.67
female,FALSE,32,7,71,74,84,76.33
female,TRUE,33,7,79,69,100,82.67
female,TRUE,24,6,94,76,62,77.33
male,FALSE,5,7,85,64,82,77
female,FALSE,8,8,85,99,65,83
female,TRUE,8,6,76,97,91,88
male,FALSE,21,7,79,72,74,75
female,TRUE,6,8,67,79,64,70
female,FALSE,15,5,72,77,66,71.67
female,FALSE,12,7,70,94,71,78.33
female,FALSE,1,6,76,71,94,80.33
male,FALSE,14,6,95,88,88,90.33
male,FALSE,26,5,61,78,56,65
male,FALSE,31,8,99,88,96,94.33
female,FALSE,5,6,91,82,90,87.67
male,FALSE,28,8,81,65,59,68.33
female,TRUE,11,7,62,66,67,65
male,TRUE,19,6,80,93,82,85
male,FALSE,17,8,99,90,64,84.33
female,TRUE,30,8,96,64,93,84.33
male,FALSE,23,8,70,94,77,80.33
male,FALSE,0,5,78,70,50,66
female,TRUE,19,6,72,65,63,66.67
female,TRUE,33,6,69,87,69,75
female,TRUE,1,5,99,72,100,90.33
female,FALSE,35,5,86,99,96,93.67
male,FALSE,3,6,61,68,83,70.67
female,FALSE,2,5,83,80,69,77.33
female,TRUE,16,6,68,79,63,70
female,FALSE,38,8,87,94,85,88.67
female,FALSE,3,6,85,97,98,93.33
male,TRUE,3,8,99,74,76,83
female,FALSE,11,6,100,82,63,81.67
male,FALSE,1,7,97,82,79,86
female,FALSE,4,7,61,75,83,73
male,FALSE,43,7,94,96,96,95.33
male,FALSE,47,5,91,94,93,92.67
male,FALSE,9,8,95,88,62,81.67
female,FALSE,2,6,71,50,55,58.67
male,FALSE,5,6,92,85,59,78.67
female,FALSE,26,7,71,65,86,74
female,FALSE,25,8,64,65,60,63
male,FALSE,9,8,76,69,67,70.67
male,FALSE,27,6,67,91,36,64.67
female,TRUE,19,5,71,80,65,72
female,FALSE,31,7,86,87,98,90.33
female,TRUE,26,6,84,97,75,85.33
male,TRUE,11,7,88,89,74,83.67
female,FALSE,6,6,92,67,83,80.67
female,FALSE,2,6,82,51,91,74.67
female,TRUE,5,5,87,64,95,82
male,FALSE,5,6,91,69,53,71
female,FALSE,27,7,83,80,90,84.33
female,FALSE,30,8,96,92,100,96
male,FALSE,21,5,64,68,76,69.33
female,FALSE,8,8,69,74,98,80.33
female,FALSE,21,7,91,79,98,89.33
male,FALSE,18,8,64,68,97,76.33
male,FALSE,3,5,89,92,88,89.67
male,FALSE,32,5,94,87,92,91
female,FALSE,8,6,61,75,95,77
male,FALSE,3,6,95,76,71,80.67
male,FALSE,17,5,97,85,77,86.33
male,FALSE,17,7,64,82,64,70
female,FALSE,27,5,79,70,95,81.33
male,TRUE,12,6,76,99,100,91.67
male,FALSE,46,5,91,95,88,91.33
male,FALSE,19,7,90,82,93,88.33
male,FALSE,30,5,84,73,75,77.33
male,FALSE,20,6,73,80,87,80
female,FALSE,14,6,63,93,68,74.67
female,TRUE,5,8,72,89,95,85.33
female,FALSE,27,8,91,69,83,81
